{"Uberl\u00e2ndia,MG": [-18.9188041, -48.2767837], "Monte Carmelo,MG": [-18.7260939, -47.4958859], "Carmo do Parana\u00edba,MG": [-18.9992327, -46.306916], "Tr\u00eas Marias,MG": [-18.2051533, -45.2484314], "Concei\u00e7\u00e3o das Alagoas,MG": [-19.9194009, -48.3803414], "Prata,MG": [-19.307222, -48.923889], "Araguari,MG": [-18.6511256, -48.1933764], "Ituiutaba,MG": [-18.9691887, -49.4639335], "Uberaba,MG": [-19.750833, -47.936666], "Patroc\u00ednio,MG": [-18.9408294, -46.9926624], "Frutal,MG": [-20.0220064, -48.9280076], "Iturama,MG": [-19.7272733, -50.193488], "Tupaciguara,MG": [-18.5932122, -48.6999014], "Monte Alegre de Minas,MG": [-18.870278, -48.880556], "Sacramento,MG": [-19.8571946, -47.3636756], "Santa Juliana,MG": [-19.308611, -47.525], "Nova Ponte,MG": [-19.1692213, -47.6717642], "Can\u00e1polis,MG": [-18.7228793, -49.2016329], "Capin\u00f3polis,MG": [-18.682778, -49.569723], "Campo Florido,MG": [-19.7605907, -48.5719816], "Coromandel,MG": [-18.3433415, -47.1647814], "Estrela do Sul,MG": [-18.7420499, -47.6900736], "Cascalho Rico,MG": [-18.579344, -47.875774], "Abadia dos Dourados,MG": [-18.4911191, -47.4063589], "Centralina,MG": [-18.5843349, -49.1954739], "Arapor\u00e3,MG": [-18.4318188, -49.188313], "Gurinhat\u00e3,MG": [-19.2114486, -49.7840077], "Santa Vit\u00f3ria,MG": [-18.8465718, -50.1292823], "Ipia\u00e7u,MG": [-18.6934499, -49.9439567], "Cachoeira Dourada,MG": [-18.517136, -49.5002062], "Douradoquara,MG": [-18.431062, -47.608269], "Grupiara,MG": [-18.492777, -47.7225], "Ira\u00ed de Minas,MG": [-18.9865339, -47.4642202], "Perdizes,MG": [-19.3503361, -47.2938235], "Pedrin\u00f3polis,MG": [-19.2275, -47.461944]}